model,horizon,obs_mse_norm_mean,mae_thdot_mean,mae_cos_mean,mae_sin_mean,latent_kl_mean,h_rel_drift_mean,rew_mse_mean
mlp_recursive,1,0.00031029198457114643,0.03126916646336516,0.011129466040680805,0.007755049193898837,,,
mlp_recursive,2,0.0011200031077578387,0.06178070938525101,0.02085564654165258,0.01426563683586816,,,
mlp_recursive,3,0.0024278834837332397,0.09377746687581141,0.02956803860918929,0.020326836839861546,,,
mlp_recursive,4,0.00433565195241196,0.12650769747172794,0.03853791933700753,0.025314409091758232,,,
mlp_recursive,5,0.006870605861574101,0.16133672821645936,0.046684913570061326,0.03128933720290661,,,
mlp_recursive,6,0.009927135263448386,0.1957274970288078,0.054333769250661135,0.03969737212173641,,,
mlp_recursive,7,0.01312459192801422,0.22318167053163052,0.05844649951905012,0.04837033274816349,,,
mlp_recursive,8,0.01679468622872567,0.25392740592360497,0.06089445545027653,0.05802934121068878,,,
mlp_recursive,9,0.020416486587540323,0.2775760982185602,0.06018411833792925,0.06629814722206599,,,
mlp_recursive,10,0.02466182509488135,0.29967305265987915,0.05978752595062057,0.07211223522123571,,,
mlp_recursive,11,0.030065326661012175,0.3290743160371979,0.0649621351622045,0.0761490441315497,,,
mlp_recursive,12,0.036470836698147956,0.3548795956497391,0.07222113385796547,0.07697963210133214,,,
mlp_recursive,13,0.04364048686481207,0.377440902714928,0.08065522694960237,0.07881644049969812,,,
mlp_recursive,14,0.0513530601833736,0.40824703716983396,0.0909915566444397,0.07997455905812483,,,
mlp_recursive,15,0.05919221706828163,0.432761814755698,0.10081086761783808,0.08080307782317202,,,
rssm_mean,1,0.004549034662299316,0.13461450029474994,0.031236785774429638,0.03693247439029316,0.5232672489558657,0.0,0.055970314814487665
rssm_mean,2,0.004108284296686786,0.14524186278382936,0.02924726107933869,0.03301490183609227,0.9175851852633059,0.09609427947240572,0.06679164591560453
rssm_mean,3,0.004392924826499704,0.17029769687602916,0.028232266849954613,0.029105987419219066,0.9067138611959914,0.11482288719465335,0.0753523155650555
rssm_mean,4,0.00501791800608468,0.18051173724234104,0.030649629634960245,0.02833456185180694,1.0946063700442512,0.12490029155742377,0.08604062225235094
rssm_mean,5,0.005324737204318808,0.18900849041529,0.029606637312099338,0.027792612362342577,1.1736978500460584,0.1484509389847517,0.12410048677513903
rssm_mean,6,0.005471686205510196,0.19636319112032652,0.02815963715935747,0.030214390892069787,1.144091997218008,0.14374915906228125,0.12207638245421511
rssm_mean,7,0.005989030974054306,0.200071118461589,0.025591454934328794,0.03674490674166009,1.09261809863771,0.14287851533542076,0.16809433396148568
rssm_mean,8,0.005997690135700395,0.19433488712335625,0.0247787080394725,0.04060470254626125,1.309161402285099,0.14477142419976494,0.19616247906636394
rssm_mean,9,0.006364446383486211,0.19222473011662564,0.023003468833242852,0.04745066332786033,1.4951495196049411,0.1651138972180585,0.2309322398546101
rssm_mean,10,0.007043088196496683,0.1879014012714227,0.026318860705941916,0.050225881374596305,1.6049882490187883,0.15233000841302177,0.18553688716989805
rssm_mean,11,0.007955576693802868,0.1822670545273771,0.03051835608979066,0.05049413563877655,1.7480121433424454,0.15059061193217835,0.19624930522936523
rssm_mean,12,0.008739175944545726,0.17854551365599036,0.0364500037394464,0.04941587173379958,1.7684199443707864,0.16049870611944547,0.20398343492821405
rssm_mean,13,0.009629989473599684,0.18173751361124837,0.04150362555325652,0.04616372170858085,2.280091484232495,0.1774258523558577,0.20940551672467222
rssm_mean,14,0.01134813303572931,0.17971927963662893,0.04650495511790117,0.04368433100171387,2.727014207902054,0.17442075675353408,0.23806058748596115
rssm_mean,15,0.013366590310170068,0.18016762899545333,0.049123933732820056,0.041342953530450664,3.0787788171631596,0.17522582272067666,0.24444668545318868
rssm_stochastic,1,0.007572277785072856,0.1791027560054014,0.04184617614373565,0.044645031448453665,0.5232672489558657,0.0,0.09612376615318159
rssm_stochastic,2,0.008897103270555817,0.19368883299951753,0.04853964282665402,0.045240866330762707,1.3542894770701726,0.13801211727938303,0.12290892451585611
rssm_stochastic,3,0.010007765233694954,0.22082353942096233,0.050610388978384435,0.04467168533786511,1.122823477567484,0.15635544426428774,0.17654880446999263
rssm_stochastic,4,0.01599684836810411,0.23455369813988605,0.0677654820222718,0.05863069603219628,1.5510579465578,0.17557902059828243,0.23061234042897163
rssm_stochastic,5,0.014936846233467804,0.28170564211905,0.05571534073290726,0.05676758755968573,1.7090619819549222,0.21642402854437628,0.2621222123610778
rssm_stochastic,6,0.01423381294406075,0.26349271663154167,0.056607909655819334,0.05086054761583606,1.8488028291612864,0.21084629883989692,0.2835799811124862
rssm_stochastic,7,0.018594096733977494,0.29589358655114967,0.060468778324623905,0.06641020557920758,2.619684550911188,0.21340968964310983,0.4064260687682122
rssm_stochastic,8,0.02158808413666217,0.30669400103700656,0.0658833528868854,0.07545326011798655,3.124222238237659,0.22103389368082085,0.5680168353588139
rssm_stochastic,9,0.0224705884420473,0.2989756270932655,0.05704847280867398,0.08336052601225674,4.195543945301324,0.2535209394215296,0.5799274743496596
rssm_stochastic,10,0.02732279485705173,0.3156482476430635,0.06748221286882956,0.09112048319851358,3.5639060816417136,0.2418932532891631,0.7073168218304696
rssm_stochastic,11,0.02685412470702886,0.32826745867108303,0.06395637926956017,0.09093925198734117,3.6645363199835024,0.23714668800433478,0.7285075820127555
rssm_stochastic,12,0.03457206336679519,0.37949551455676556,0.08066406659781933,0.09387234264674287,2.3765934525678554,0.23800058957810202,0.8369866925829683
rssm_stochastic,13,0.03845424047055227,0.3719158141175285,0.08125409375255306,0.09698052568516384,3.970378434906403,0.2670062161050737,0.7720518383734998
rssm_stochastic,14,0.03880608018092365,0.34584698515633744,0.09370331349782646,0.08746362462018926,4.202235513056318,0.26529089361429214,0.8543158633920029
rssm_stochastic,15,0.044231849645674025,0.34852800572601456,0.10476033855229616,0.09050264219210173,3.598130985163152,0.263626206976672,0.9700293192920716
rssm_teacher_forced,1,0.006157107171929965,0.13438261199432114,0.03812024913107356,0.039536037016659975,,,0.06873373095926638
rssm_teacher_forced,2,0.0047088336871941765,0.15449139041205248,0.03375948631825546,0.03375242091715336,,,0.07832563102910761
rssm_teacher_forced,3,0.004543324840521261,0.12930643915509185,0.030202540176105686,0.03401576176596185,,,0.0783380911823528
rssm_teacher_forced,4,0.005192075806538317,0.1202864283695817,0.03557098007877357,0.03797797245594362,,,0.09541064566954323
rssm_teacher_forced,5,0.005464917403590637,0.13925150230837366,0.036361861818780504,0.037611215540285535,,,0.118204331692444
rssm_teacher_forced,6,0.0040103714259582075,0.13295688635359207,0.030117184078941744,0.031579365235908576,,,0.09609227829220875
rssm_teacher_forced,7,0.00482119422319253,0.14476504751170674,0.02986064413562417,0.03405191288523687,,,0.1323541763125604
rssm_teacher_forced,8,0.0053313647082025755,0.14733329430843392,0.03414569593345126,0.04065155591039608,,,0.15586796518943893
rssm_teacher_forced,9,0.003736359605227335,0.13183321927984556,0.02933011723992725,0.032901995427285634,,,0.14827688549200957
rssm_teacher_forced,10,0.0039661351517376415,0.12373229116201401,0.026294337430347998,0.037882386008277535,,,0.08912203310598936
rssm_teacher_forced,11,0.004618037053811956,0.14425551852521798,0.026909278705716133,0.037430906881733485,,,0.1233381955259271
rssm_teacher_forced,12,0.005402795379268355,0.146772145293653,0.03136200411245227,0.04233339976053685,,,0.09109436412526861
rssm_teacher_forced,13,0.004717389701302939,0.1375502971932292,0.02944851303861166,0.0428606792120263,,,0.059206954211286224
rssm_teacher_forced,14,0.0039351521745629725,0.14124538803783557,0.026495413699497778,0.035819987941067666,,,0.06991797441439947
rssm_teacher_forced,15,0.004947868509437588,0.13115277964000902,0.03359294368419796,0.03872960031731054,,,0.08354060861673673
